,,,,,,,,,,,,,,,,
CARLOS CHAGAS (Prefeitura),1495221822,1668649,,,,,,04/2017,24 CIA PM IND815 RPM,N,N,Finalizado,PREFEITURA MUNICIPAL CARLOS CHAGAS (Prefeitura),2705,18.477.315/0001-90,2227
CARLOS CHAGAS (Prefeitura),1551097252,1251081,,,,,,01/2019,24 CIA PM IND815 RPM,N,N,Tem aditivo,PREFEITURA MUNICIPAL CARLOS CHAGAS (Prefeitura),2705,18.477.315/0001-90,2227
CARLOS CHAGAS (Prefeitura),1581423975,1501170,,,,,,01/2019-ADT,24 CIA PM IND815 RPM,1551097252,S,Cancelado,PREFEITURA MUNICIPAL CARLOS CHAGAS (Prefeitura),2705,18.477.315/0001-90,2227
CARLOS CHAGAS (Prefeitura),1581596844,1251081,,,,,,01/2020,24 CIA PM IND815 RPM,N,N,Finalizado,PREFEITURA MUNICIPAL CARLOS CHAGAS (Prefeitura),2705,18.477.315/0001-90,2227
CARLOS CHAGAS (Prefeitura),1612200050,1251081,,,,,,001.24/2021,24 CIA PM IND815 RPM,N,N,Tem aditivo,PREFEITURA MUNICIPAL CARLOS CHAGAS (Prefeitura),2705,18.477.315/0001-90,2227
CARLOS CHAGAS (Prefeitura),1626347754,1453364,,,,,,001.24/2021 ADT,24 CIA PM IND815 RPM,1612200050,N,Finalizado,PREFEITURA MUNICIPAL CARLOS CHAGAS (Prefeitura),2705,18.477.315/0001-90,2227
CARLOS CHAGAS (Prefeitura),1674054399,1453364,,,,,,001.24/2021 ADT-ADT,24 CIA PM IND815 RPM,1612200050,N,Finalizado,PREFEITURA MUNICIPAL CARLOS CHAGAS (Prefeitura),2705,18.477.315/0001-90,2227
CARLOS CHAGAS (Prefeitura),1675953094,1275015,,,,,,69/2022,BPM MAMB/CPE,N,S,Finalizado,PREFEITURA MUNICIPAL CARLOS CHAGAS (Prefeitura),2705,18.477.315/0001-90,1666
CARLOS CHAGAS (Prefeitura),1704459024,1402460,,,,,,01.24/2024,24 CIA PM IND815 RPM,N,N,Finalizado,PREFEITURA MUNICIPAL CARLOS CHAGAS (Prefeitura),2705,18.477.315/0001-90,2227
CARLOS CHAGAS (Prefeitura),1743422322,1402460,,,,,,09.24/2025,24 CIA PM IND815 RPM,N,N,Finalizado,PREFEITURA MUNICIPAL CARLOS CHAGAS (Prefeitura),2705,18.477.315/0001-90,2227
CARLOS CHAGAS (Prefeitura),1752509045,1275015,,,,,,18/2025,BPM MAMB/CPE,N,S,Aberto,PREFEITURA MUNICIPAL CARLOS CHAGAS (Prefeitura),2705,18.477.315/0001-90,1666
CARLOS CHAGAS (Prefeitura),1777300387,1402460,,,,,,02.24/2026,24 CIA PM IND815 RPM,N,S,Aberto,PREFEITURA MUNICIPAL CARLOS CHAGAS (Prefeitura),2705,18.477.315/0001-90,2227
DIVISA ALEGRE (Prefeitura),1498157441,1144807,,,,,,01/2015,44 BPM/15 RPM,N,N,Tem aditivo,PREFEITURA MUNICIAPAL DE DIVISA ALEGRE (Prefeitura),341,01.613.073/0001-11,6891
DIVISA ALEGRE (Prefeitura),1528730854,1489681,,,,,,01/2017-ADT,44 BPM/15 RPM,1498157441,N,Finalizado,PREFEITURA MUNICIAPAL DE DIVISA ALEGRE (Prefeitura),341,01.613.073/0001-11,6891
DIVISA ALEGRE (Prefeitura),1531155043,1692755,,,,,,02/2018-ADT-ADT,44 BPM/15 RPM,1498157441,N,Finalizado,PREFEITURA MUNICIAPAL DE DIVISA ALEGRE (Prefeitura),341,01.613.073/0001-11,6891
DIVISA ALEGRE (Prefeitura),1587560197,1390913,,,,,,03/2020,44 BPM/15 RPM,N,N,Tem aditivo,PREFEITURA MUNICIAPAL DE DIVISA ALEGRE (Prefeitura),341,01.613.073/0001-11,6891
DIVISA ALEGRE (Prefeitura),1639749921,1373935,,,,,,03/2020-ADT,44 BPM/15 RPM,1587560197,N,Finalizado,PREFEITURA MUNICIAPAL DE DIVISA ALEGRE (Prefeitura),341,01.613.073/0001-11,6891
DIVISA ALEGRE (Prefeitura),1741628991,1373935,,,,,,06.44/2025,44 BPM/15 RPM,N,N,Aberto,PREFEITURA MUNICIAPAL DE DIVISA ALEGRE (Prefeitura),341,01.613.073/0001-11,6891
DIVISA ALEGRE (Prefeitura),1743685603,1427517,,,,,,06.44/2025,44 BPM/15 RPM,N,N,Tem aditivo,PREFEITURA MUNICIAPAL DE DIVISA ALEGRE (Prefeitura),341,01.613.073/0001-11,6891
DIVISA ALEGRE (Prefeitura),1741627775,1373935,,,,,,06.44/2025,44 BPM/15 RPM,N,S,Cancelado,PREFEITURA MUNICIAPAL DE DIVISA ALEGRE (Prefeitura),341,01.613.073/0001-11,6891
DIVISA ALEGRE (Prefeitura),1742998327,1373935,,,,,,06.44/2025,44 BPM/15 RPM,N,S,Cancelado,PREFEITURA MUNICIAPAL DE DIVISA ALEGRE (Prefeitura),341,01.613.073/0001-11,6891
DIVISA ALEGRE (Prefeitura),1776432482,1427517,,,,,,06.44/2025-ADT,70 BPM/15 RPM,1743685603,S,Aberto,PREFEITURA MUNICIAPAL DE DIVISA ALEGRE (Prefeitura),341,01.613.073/0001-11,6894
ITAOBIM (Prefeitura),1490110936,932624,,,,,,05/2014,BPM MAMB/CPE,N,N,Finalizado,PREFEITURA MUNICIPAL DE ITAOBIM (Prefeitura),361,18.414.573/0001-27,1666
ITAOBIM (Prefeitura),1490896169,1668441,,,,,,01/2017,44 BPM/15 RPM,N,N,Tem aditivo,PREFEITURA MUNICIPAL DE ITAOBIM (Prefeitura),361,18.414.573/0001-27,6891
ITAOBIM (Prefeitura),1519145688,1193648,,,,,,01/2017-ADT,44 BPM/15 RPM,1490896169,N,Finalizado,PREFEITURA MUNICIPAL DE ITAOBIM (Prefeitura),361,18.414.573/0001-27,6891
ITAOBIM (Prefeitura),1499976268,1102169,,,,,,09/2017,BPM MAMB/CPE,N,N,Finalizado,PREFEITURA MUNICIPAL DE ITAOBIM (Prefeitura),361,18.414.573/0001-27,1666
ITAOBIM (Prefeitura),1582291653,1193648,,,,,,01/2017-ADT,44 BPM/15 RPM,1490896169,N,Finalizado,PREFEITURA MUNICIPAL DE ITAOBIM (Prefeitura),361,18.414.573/0001-27,6891
ITAOBIM (Prefeitura),1611940383,1193648,,,,,,07/2021,44 BPM/15 RPM,N,N,Tem aditivo,PREFEITURA MUNICIPAL DE ITAOBIM (Prefeitura),361,18.414.573/0001-27,6891
ITAOBIM (Prefeitura),1643899731,1305002,,,,,,113/2021,BPM MAMB/CPE,N,S,Finalizado,PREFEITURA MUNICIPAL DE ITAOBIM (Prefeitura),361,18.414.573/0001-27,1666
ITAOBIM (Prefeitura),1651055291,1193648,,,,,,07/2021-ADT,70 BPM/15 RPM,1611940383,N,Finalizado,PREFEITURA MUNICIPAL DE ITAOBIM (Prefeitura),361,18.414.573/0001-27,6894
ITAOBIM (Prefeitura),1736259840,1611920,,,,,,05.70/2025,70 BPM/15 RPM,N,S,Aberto,PREFEITURA MUNICIPAL DE ITAOBIM (Prefeitura),361,18.414.573/0001-27,6894
ITAOBIM (Prefeitura),1775570406,1611920,,,,,,05/2025,70 BPM/15 RPM,N,S,Aberto,PREFEITURA MUNICIPAL DE ITAOBIM (Prefeitura),361,18.414.573/0001-27,6894
NANUQUE (Prefeitura),1500645930,1227495,,,,,,24/2017,24 CIA PM IND815 RPM,N,N,Finalizado,PREFEITURA MUNICIPAL NANUQUE (Prefeitura),3304,18.398.974/0001-30,2227
NANUQUE (Prefeitura),1606821179,1227495,,,,,,02.24/2020,24 CIA PM IND815 RPM,N,N,Finalizado,PREFEITURA MUNICIPAL NANUQUE (Prefeitura),3304,18.398.974/0001-30,2227
NANUQUE (Prefeitura),1623152029,1251032,,,,,,009/2021,BPMRV/CPE,N,N,Finalizado,PREFEITURA MUNICIPAL NANUQUE (Prefeitura),3304,18.398.974/0001-30,1655
NANUQUE (Prefeitura),1612534971,1227495,,,,,,004.24/2021,24 CIA PM IND815 RPM,N,N,Tem aditivo,PREFEITURA MUNICIPAL NANUQUE (Prefeitura),3304,18.398.974/0001-30,2227
NANUQUE (Prefeitura),1614259998,1596352,,,,,,006.24/2021,24 CIA PM IND815 RPM,N,N,Tem aditivo,PREFEITURA MUNICIPAL NANUQUE (Prefeitura),3304,18.398.974/0001-30,2227
NANUQUE (Prefeitura),1639416879,1453364,,,,,,004.24/2021 ADT,24 CIA PM IND815 RPM,1612534971,N,Finalizado,PREFEITURA MUNICIPAL NANUQUE (Prefeitura),3304,18.398.974/0001-30,2227
NANUQUE (Prefeitura),1662139914,1596352,,,,,,006.24/2021-ADT,24 CIA PM IND815 RPM,1614259998,N,Finalizado,PREFEITURA MUNICIPAL NANUQUE (Prefeitura),3304,18.398.974/0001-30,2227
NANUQUE (Prefeitura),1736514291,1457571,,,,,,04.24/2025,24 CIA PM IND815 RPM,N,N,Tem aditivo,PREFEITURA MUNICIPAL NANUQUE (Prefeitura),3304,18.398.974/0001-30,2227
NANUQUE (Prefeitura),1775566743,1457571,,,,,,04.24/2025-ADT,24 CIA PM IND815 RPM,1736514291,S,Aberto,PREFEITURA MUNICIPAL NANUQUE (Prefeitura),3304,18.398.974/0001-30,2227
COMERCINHO (Prefeitura),1467912377,1141563,,,,,,01/2015,15 RPM,N,N,Finalizado,PREFEITURA MUNICIPAL DE COMERCINHO (Prefeitura),321,18.414.615/0001-20,6869
COMERCINHO (Prefeitura),1515518531,1141563,,,,,,01/2017,44 BPM/15 RPM,N,N,Finalizado,PREFEITURA MUNICIPAL DE COMERCINHO (Prefeitura),321,18.414.615/0001-20,6891
COMERCINHO (Prefeitura),1593791997,1102169,,,,,,034/2020,BPM MAMB/CPE,N,N,Finalizado,PREFEITURA MUNICIPAL DE COMERCINHO (Prefeitura),321,18.414.615/0001-20,1666
COMERCINHO (Prefeitura),1615986113,1716885,,,,,,08/2021,44 BPM/15 RPM,N,N,Tem aditivo,PREFEITURA MUNICIPAL DE COMERCINHO (Prefeitura),321,18.414.615/0001-20,6891
COMERCINHO (Prefeitura),1651672872,1141563,,,,,,08/2021-ADT,70 BPM/15 RPM,1615986113,N,Finalizado,PREFEITURA MUNICIPAL DE COMERCINHO (Prefeitura),321,18.414.615/0001-20,6894
COMERCINHO (Prefeitura),1743000608,1500941,,,,,,07.70/2025,70 BPM/15 RPM,N,N,Tem aditivo,PREFEITURA MUNICIPAL DE COMERCINHO (Prefeitura),321,18.414.615/0001-20,6894
COMERCINHO (Prefeitura),1775053548,1500941,,,,,,07.70/2025-ADT,70 BPM/15 RPM,1743000608,S,Aberto,PREFEITURA MUNICIPAL DE COMERCINHO (Prefeitura),321,18.414.615/0001-20,6894
FRANCISCOPOLIS (Prefeitura),1497528557,1274646,,,,,,08/2017,19 BPM/15 RPM,N,N,Tem aditivo,PREFEITURA MUNICIPAL FRANCISCOPOLIS (Prefeitura),2854,01.613.394/0001-16,2203
FRANCISCOPOLIS (Prefeitura),1592232459,1274646,,,,,,08/2017- ADT 1-ADT,19 BPM/15 RPM,1497528557,N,Finalizado,PREFEITURA MUNICIPAL FRANCISCOPOLIS (Prefeitura),2854,01.613.394/0001-16,2203
FRANCISCOPOLIS (Prefeitura),1610668947,1274646,,,,,,01.19/2021,19 BPM/15 RPM,N,N,Tem aditivo,PREFEITURA MUNICIPAL FRANCISCOPOLIS (Prefeitura),2854,01.613.394/0001-16,2203
FRANCISCOPOLIS (Prefeitura),1637416242,1274646,,,,,,01.19/2021-ADT,19 BPM/15 RPM,1610668947,N,Finalizado,PREFEITURA MUNICIPAL FRANCISCOPOLIS (Prefeitura),2854,01.613.394/0001-16,2203
FRANCISCOPOLIS (Prefeitura),1691503696,1274646,,,,,,01.19/2021-ADT-ADT,19 BPM/15 RPM,1610668947,N,Finalizado,PREFEITURA MUNICIPAL FRANCISCOPOLIS (Prefeitura),2854,01.613.394/0001-16,2203
FRANCISCOPOLIS (Prefeitura),1691503269,1274646,,,,,,01.19/2021-ADT-ADT,19 BPM/15 RPM,1610668947,N,Cancelado,PREFEITURA MUNICIPAL FRANCISCOPOLIS (Prefeitura),2854,01.613.394/0001-16,2203
FRANCISCOPOLIS (Prefeitura),1743506127,1274646,,,,,,16.19/2025,19 BPM/15 RPM,N,S,Tem aditivo,PREFEITURA MUNICIPAL FRANCISCOPOLIS (Prefeitura),2854,01.613.394/0001-16,2203
FRANCISCOPOLIS (Prefeitura),1773935691,1274646,,,,,,16.19/2025-ADT,19 BPM/15 RPM,1743506127,S,Aberto,PREFEITURA MUNICIPAL FRANCISCOPOLIS (Prefeitura),2854,01.613.394/0001-16,2203
FRANCISCOPOLIS (Prefeitura),1773426573,1274646,,,,,,16.19/2025-ADT,19 BPM/15 RPM,1743506127,N,Cancelado,PREFEITURA MUNICIPAL FRANCISCOPOLIS (Prefeitura),2854,01.613.394/0001-16,2203
UMBURATIBA (Prefeitura),1490906754,1193341,,,,,,07/2017,4 GP/2 PEL/24 CIA PM IND/15 RPM,N,N,Tem aditivo,PREFEITURA MUNICIPAL UMBURATIBA (Prefeitura),3122,18.404.996/0001-66,2237
UMBURATIBA (Prefeitura),1617200315,1193341,,,,,,07/2017-ADT,24 CIA PM IND815 RPM,1490906754,N,Finalizado,PREFEITURA MUNICIPAL UMBURATIBA (Prefeitura),3122,18.404.996/0001-66,2227
UMBURATIBA (Prefeitura),1678891494,1251065,,,,,,07/2017-ADT-ADT-ADT,24 CIA PM IND815 RPM,1490906754,N,Finalizado,PREFEITURA MUNICIPAL UMBURATIBA (Prefeitura),3122,18.404.996/0001-66,2227
UMBURATIBA (Prefeitura),1770994791,1516178,,,,,,01.24/2026,24 CIA PM IND815 RPM,N,S,Aberto,PREFEITURA MUNICIPAL UMBURATIBA (Prefeitura),3122,18.404.996/0001-66,2227
PEDRA AZUL (Prefeitura),1499792839,1195502,,,,,,02/2013,70 BPM/15 RPM,N,N,Finalizado,PREFEITURA MUNICIPAL DE PEDRA AZUL (Prefeitura),381,18.414.565/0001-80,6894
PEDRA AZUL (Prefeitura),1529592950,1195502,,,,,,01/2018,44 BPM/15 RPM,N,N,Tem aditivo,PREFEITURA MUNICIPAL DE PEDRA AZUL (Prefeitura),381,18.414.565/0001-80,6891
PEDRA AZUL (Prefeitura),1565871535,1393099,,,,,,01/2018-ADT,44 BPM/15 RPM,1529592950,N,Finalizado,PREFEITURA MUNICIPAL DE PEDRA AZUL (Prefeitura),381,18.414.565/0001-80,6891
PEDRA AZUL (Prefeitura),1770991834,1381151,,,,,,03.70/2026,70 BPM/15 RPM,N,S,Aberto,PREFEITURA MUNICIPAL DE PEDRA AZUL (Prefeitura),381,18.414.565/0001-80,6894
ITAIPE,1498049990,1144898,,,,,,17/2017,19 BPM/15 RPM,N,N,Tem aditivo,PREFEITURA MUNICIPAL ITAIPE,3160,18.404.756/0001-61,2203
ITAIPE,1577707270,1515121,,,,,,12019,BPM MAMB/CPE,N,N,Finalizado,PREFEITURA MUNICIPAL ITAIPE,3160,18.404.756/0001-61,1666
ITAIPE,1602872673,1144898,,,,,,02/2020 TAD-ADT,19 BPM/15 RPM,1498049990,N,Finalizado,PREFEITURA MUNICIPAL ITAIPE,3160,18.404.756/0001-61,2203
ITAIPE,1736860673,1473792,,,,,,06.19/2025,19 BPM/15 RPM,N,N,Tem aditivo,PREFEITURA MUNICIPAL ITAIPE,3160,18.404.756/0001-61,2203
ITAIPE,1770809512,1473792,,,,,,06.19/2025-ADT,19 BPM/15 RPM,1736860673,S,Aberto,PREFEITURA MUNICIPAL ITAIPE,3160,18.404.756/0001-61,2203
ARAÇUAI (Prefeitura),1497289106,1134972,,,,,,01/2017,70 BPM/15 RPM,N,N,Tem aditivo,PREFEITURA MUNICIPAL DE ARAÇUAI (Prefeitura),4524,17.963.083/0001-17,6894
ARAÇUAI (Prefeitura),1554728665,1388305,,,,,,01/2017-ADT,70 BPM/15 RPM,1497289106,N,Finalizado,PREFEITURA MUNICIPAL DE ARAÇUAI (Prefeitura),4524,17.963.083/0001-17,6894
ARAÇUAI (Prefeitura),1597078085,1416817,,,,,,02/2017-ADT-ADT,70 BPM/15 RPM,1497289106,N,Finalizado,PREFEITURA MUNICIPAL DE ARAÇUAI (Prefeitura),4524,17.963.083/0001-17,6894
ARAÇUAI (Prefeitura),1675967686,1305002,,,,,,58/2022,BPM MAMB/CPE,N,S,Finalizado,PREFEITURA MUNICIPAL DE ARAÇUAI (Prefeitura),4524,17.963.083/0001-17,1666
ARAÇUAI (Prefeitura),1752680902,1751890,,,,,,17/2025,BPM MAMB/CPE,N,S,Aberto,PREFEITURA MUNICIPAL DE ARAÇUAI (Prefeitura),4524,17.963.083/0001-17,1666
ARAÇUAI (Prefeitura),1769696265,1402718,,,,,,01.70/2026,70 BPM/15 RPM,N,S,Aberto,PREFEITURA MUNICIPAL DE ARAÇUAI (Prefeitura),4524,17.963.083/0001-17,6894
ITINGA (Prefeitura),1491498583,1102169,,,,,,04/2014,BPM MAMB/CPE,N,N,Finalizado,PREFEITURA MUNICIPAL ITINGA (Prefeitura),3178,18.348.748/0001-45,1666
ITINGA (Prefeitura),1536955645,1102169,,,,,,01/2018,BPM MAMB/CPE,N,N,Finalizado,PREFEITURA MUNICIPAL ITINGA (Prefeitura),3178,18.348.748/0001-45,1666
ITINGA (Prefeitura),1586263354,1193937,,,,,,01/2020,70 BPM/15 RPM,N,N,Tem aditivo,PREFEITURA MUNICIPAL ITINGA (Prefeitura),3178,18.348.748/0001-45,6894
ITINGA (Prefeitura),1623151201,1193937,,,,,,01/2020-ADT,70 BPM/15 RPM,1586263354,N,Finalizado,PREFEITURA MUNICIPAL ITINGA (Prefeitura),3178,18.348.748/0001-45,6894
ITINGA (Prefeitura),1649167785,1305002,,,,,,130/2021,BPM MAMB/CPE,N,S,Finalizado,PREFEITURA MUNICIPAL ITINGA (Prefeitura),3178,18.348.748/0001-45,1666
ITINGA (Prefeitura),1643127594,1299510,,,,,,01/2020-ADT-ADT,70 BPM/15 RPM,1586263354,N,Finalizado,PREFEITURA MUNICIPAL ITINGA (Prefeitura),3178,18.348.748/0001-45,6894
ITINGA (Prefeitura),1710510778,1422435,,,,,,01.70/2024,70 BPM/15 RPM,N,S,Cancelado,PREFEITURA MUNICIPAL ITINGA (Prefeitura),3178,18.348.748/0001-45,6894
ITINGA (Prefeitura),1710512553,1423870,,,,,,01.70/2024,70 BPM/15 RPM,N,N,Finalizado,PREFEITURA MUNICIPAL ITINGA (Prefeitura),3178,18.348.748/0001-45,6894
ITINGA (Prefeitura),1769692518,1419001,,,,,,02.70/2026,70 BPM/15 RPM,N,S,Aberto,PREFEITURA MUNICIPAL ITINGA (Prefeitura),3178,18.348.748/0001-45,6894
OURO VERDE DE MINAS (Prefeitura),1491507273,1141142,,,,,,26/2017,ASSESSORIA DE DESENVOLVIMENTO ORGANIZACIONAL/GCG,N,N,Finalizado,PREFEITURA MUNICIPAL OURO VERDE DE MINAS (Prefeitura),3334,18.404.947/0001-23,7214
OURO VERDE DE MINAS (Prefeitura),1625052718,1144013,,,,,,18.19/2021,19 BPM/15 RPM,N,N,Finalizado,PREFEITURA MUNICIPAL OURO VERDE DE MINAS (Prefeitura),3334,18.404.947/0001-23,2203
OURO VERDE DE MINAS (Prefeitura),1663185350,1144013,,,,,,01.19/2022,19 BPM/15 RPM,N,N,Finalizado,PREFEITURA MUNICIPAL OURO VERDE DE MINAS (Prefeitura),3334,18.404.947/0001-23,2203
OURO VERDE DE MINAS (Prefeitura),1674049016,1391606,,,,,,02.19/2023,19 BPM/15 RPM,N,N,Finalizado,PREFEITURA MUNICIPAL OURO VERDE DE MINAS (Prefeitura),3334,18.404.947/0001-23,2203
OURO VERDE DE MINAS (Prefeitura),1704375039,1391606,,,,,,01.19/2024,19 BPM/15 RPM,N,S,Cancelado,PREFEITURA MUNICIPAL OURO VERDE DE MINAS (Prefeitura),3334,18.404.947/0001-23,2203
OURO VERDE DE MINAS (Prefeitura),1704377007,1391606,,,,,,01.19/2024,19 BPM/15 RPM,N,N,Finalizado,PREFEITURA MUNICIPAL OURO VERDE DE MINAS (Prefeitura),3334,18.404.947/0001-23,2203
OURO VERDE DE MINAS (Prefeitura),1736351239,1391606,,,,,,12.19/2025,19 BPM/15 RPM,N,N,Finalizado,PREFEITURA MUNICIPAL OURO VERDE DE MINAS (Prefeitura),3334,18.404.947/0001-23,2203
OURO VERDE DE MINAS (Prefeitura),1769684398,1391606,,,,,,01.19/2026,19 BPM/15 RPM,N,S,Aberto,PREFEITURA MUNICIPAL OURO VERDE DE MINAS (Prefeitura),3334,18.404.947/0001-23,2203
PALMOPOLIS,1756814875,1746528,,,,,,11.44/2025,44 BPM/15 RPM,N,S,Aberto,PREFEITURA MUNICIPAL PALMOPOLIS,3342,66.234.345/0001-18,6891
SALTO DA DIVISA (Prefeitura),1501856854,1439678,,,,,,03/2017,44 BPM/15 RPM,N,N,Finalizado,PREFEITURA MUNICIPAL DE SALTO DA DIVISA (Prefeitura),33,18.347.401/0000-18,6891
SALTO DA DIVISA (Prefeitura),1632161885,1336692,,,,,,13.44/2021,44 BPM/15 RPM,N,N,Finalizado,PREFEITURA MUNICIPAL DE SALTO DA DIVISA (Prefeitura),33,18.347.401/0000-18,6891
SALTO DA DIVISA (Prefeitura),1756813123,1188283,,,,,,12.44/2025,44 BPM/15 RPM,N,S,Aberto,PREFEITURA MUNICIPAL DE SALTO DA DIVISA (Prefeitura),33,18.347.401/0000-18,6891
PONTO DOS VOLANTES (Prefeitura),1490898408,1427178,,,,,,01/2016,44 BPM/15 RPM,N,N,Tem aditivo,PREFEITURA MUNICIPAL PONTO DOS VOLANTES (Prefeitura),3404,01.613.377/0001-89,6891
PONTO DOS VOLANTES (Prefeitura),1500045788,1102169,,,,,,10/2017,BPM MAMB/CPE,N,N,Finalizado,PREFEITURA MUNICIPAL PONTO DOS VOLANTES (Prefeitura),3404,01.613.377/0001-89,1666
PONTO DOS VOLANTES (Prefeitura),1580823336,1427178,,,,,,01/2016-ADT,44 BPM/15 RPM,1490898408,N,Finalizado,PREFEITURA MUNICIPAL PONTO DOS VOLANTES (Prefeitura),3404,01.613.377/0001-89,6891
PONTO DOS VOLANTES (Prefeitura),1626462764,1565613,,,,,,12/2021,44 BPM/15 RPM,N,N,Tem aditivo,PREFEITURA MUNICIPAL PONTO DOS VOLANTES (Prefeitura),3404,01.613.377/0001-89,6891
PONTO DOS VOLANTES (Prefeitura),1626459066,1427178,,,,,,12/2021,44 BPM/15 RPM,N,N,Finalizado,PREFEITURA MUNICIPAL PONTO DOS VOLANTES (Prefeitura),3404,01.613.377/0001-89,6891
PONTO DOS VOLANTES (Prefeitura),1646402342,1444587,,,,,,12/2021-ADT,70 BPM/15 RPM,1626462764,N,Finalizado,PREFEITURA MUNICIPAL PONTO DOS VOLANTES (Prefeitura),3404,01.613.377/0001-89,6894
PONTO DOS VOLANTES (Prefeitura),1754048786,1444587,,,,,,08.70/2025,70 BPM/15 RPM,N,S,Aberto,PREFEITURA MUNICIPAL PONTO DOS VOLANTES (Prefeitura),3404,01.613.377/0001-89,6894
RIO DO PRADO (Prefeitura),1492538081,1275221,,,,,,01/2017,44 BPM/15 RPM,N,N,Finalizado,PREFEITURA MUNICIPAL DE RIO DO PRADO (Prefeitura),31,18.349.936/0001-98,6891
RIO DO PRADO (Prefeitura),1611750990,1275221,,,,,,05/2021,44 BPM/15 RPM,N,N,Tem aditivo,PREFEITURA MUNICIPAL DE RIO DO PRADO (Prefeitura),31,18.349.936/0001-98,6891
RIO DO PRADO (Prefeitura),1637682317,1473842,,,,,,05/2021-ADT,44 BPM/15 RPM,1611750990,N,Finalizado,PREFEITURA MUNICIPAL DE RIO DO PRADO (Prefeitura),31,18.349.936/0001-98,6891
RIO DO PRADO (Prefeitura),1752755329,1473842,,,,,,10.44/2025,44 BPM/15 RPM,N,S,Aberto,PREFEITURA MUNICIPAL DE RIO DO PRADO (Prefeitura),31,18.349.936/0001-98,6891
LADAINHA (Prefeitura),1514307544,1252444,,,,,,18/2017,19 BPM/15 RPM,N,N,Tem aditivo,PREFEITURA MUNICIPAL LADAINHA (Prefeitura),3216,18.404.863/0001-90,2203
LADAINHA (Prefeitura),1585586914,1252444,,,,,,18/2017-ADT,19 BPM/15 RPM,1514307544,N,Finalizado,PREFEITURA MUNICIPAL LADAINHA (Prefeitura),3216,18.404.863/0001-90,2203
LADAINHA (Prefeitura),1594838882,1252444,,,,,,18/2017-ADT-ADT-ADT,19 BPM/15 RPM,1514307544,N,Finalizado,PREFEITURA MUNICIPAL LADAINHA (Prefeitura),3216,18.404.863/0001-90,2203
LADAINHA (Prefeitura),1594835223,1252444,,,,,,18/2017-ADT-ADT,19 BPM/15 RPM,1514307544,N,Finalizado,PREFEITURA MUNICIPAL LADAINHA (Prefeitura),3216,18.404.863/0001-90,2203
LADAINHA (Prefeitura),1610836726,1252444,,,,,,04.19/2021,19 BPM/15 RPM,N,N,Tem aditivo,PREFEITURA MUNICIPAL LADAINHA (Prefeitura),3216,18.404.863/0001-90,2203
LADAINHA (Prefeitura),1656595074,1706449,,,,,,04.19/2021-ADT-ADT,19 BPM/15 RPM,1610836726,N,Finalizado,PREFEITURA MUNICIPAL LADAINHA (Prefeitura),3216,18.404.863/0001-90,2203
LADAINHA (Prefeitura),1675025457,1706449,,,,,,01.19/2023,15 RPM,N,N,Finalizado,PREFEITURA MUNICIPAL LADAINHA (Prefeitura),3216,18.404.863/0001-90,6869
LADAINHA (Prefeitura),1751470219,1391689,,,,,,19.19/2025,19 BPM/15 RPM,N,S,Aberto,PREFEITURA MUNICIPAL LADAINHA (Prefeitura),3216,18.404.863/0001-90,2203
NOVO CRUZEIRO,1495138452,1335033,,,,,,11/2017,19 BPM/15 RPM,N,N,Finalizado,PREFEITURA MUNICIPAL NOVO CRUZEIRO,3320,18.404.889/0001-38,2203
NOVO CRUZEIRO,1561561716,1329200,,,,,,06/2019,15 RPM,N,N,Tem aditivo,PREFEITURA MUNICIPAL NOVO CRUZEIRO,3320,18.404.889/0001-38,6869
NOVO CRUZEIRO,1583248707,1329200,,,,,,01/2019-ADT,15 RPM,1561561716,N,Finalizado,PREFEITURA MUNICIPAL NOVO CRUZEIRO,3320,18.404.889/0001-38,6869
NOVO CRUZEIRO,1701437141,1250224,,,,,,03.19/2023,19 BPM/15 RPM,N,N,Tem aditivo,PREFEITURA MUNICIPAL NOVO CRUZEIRO,3320,18.404.889/0001-38,2203
NOVO CRUZEIRO,1729859768,1250224,,,,,,03.19/2023-ADT,19 BPM/15 RPM,1701437141,S,Cancelado,PREFEITURA MUNICIPAL NOVO CRUZEIRO,3320,18.404.889/0001-38,2203
NOVO CRUZEIRO,1749556551,1375435,,,,,,18.19/2025,19 BPM/15 RPM,N,S,Aberto,PREFEITURA MUNICIPAL NOVO CRUZEIRO,3320,18.404.889/0001-38,2203
BANDEIRA (Prefeitura),1748370312,1567163,,,,,,04.44/2022-ADT,44 BPM/15 RPM,1655134282,N,Cancelado,PREFEITURA MUNICIPAL DE BANDEIRA (Prefeitura),23,18.349.902/0001-01,6891
BANDEIRA (Prefeitura),1655134282,1567163,,,,,,44/2022,44 BPM/15 RPM,N,N,Tem aditivo,PREFEITURA MUNICIPAL DE BANDEIRA (Prefeitura),23,18.349.902/0001-01,6891
BANDEIRA (Prefeitura),1748370540,1567163,,,,,,04.44/2022-ADT,44 BPM/15 RPM,1655134282,N,Cancelado,PREFEITURA MUNICIPAL DE BANDEIRA (Prefeitura),23,18.349.902/0001-01,6891
BANDEIRA (Prefeitura),1748370879,1567163,,,,,,04.44/2022-ADT,44 BPM/15 RPM,1655134282,S,Aberto,PREFEITURA MUNICIPAL DE BANDEIRA (Prefeitura),23,18.349.902/0001-01,6891
ALMENARA (Prefeitura),1491333899,1301266,,,,,,17/2017,44 BPM/15 RPM,N,N,Finalizado,PREFEITURA MUNICIPAL DE ALMENARA (Prefeitura),22,18.349.894/0001-95,6891
ALMENARA (Prefeitura),1517593997,1131937,,,,,,01/2018,44 BPM/15 RPM,N,N,Finalizado,PREFEITURA MUNICIPAL DE ALMENARA (Prefeitura),22,18.349.894/0001-95,6891
ALMENARA (Prefeitura),1525265702,1164763,,,,,,01/2018,44 BPM/15 RPM,N,N,Tem aditivo,PREFEITURA MUNICIPAL DE ALMENARA (Prefeitura),22,18.349.894/0001-95,6891
ALMENARA (Prefeitura),1574251317,1164763,,,,,,01/2018-ADT,44 BPM/15 RPM,1525265702,N,Finalizado,PREFEITURA MUNICIPAL DE ALMENARA (Prefeitura),22,18.349.894/0001-95,6891
ALMENARA (Prefeitura),1597321206,1164763,,,,,,01/2018-ADT-ADT,44 BPM/15 RPM,1525265702,N,Finalizado,PREFEITURA MUNICIPAL DE ALMENARA (Prefeitura),22,18.349.894/0001-95,6891
ALMENARA (Prefeitura),1607947821,1164763,,,,,,01/2018-ADT-ADT-ADT,44 BPM/15 RPM,1525265702,N,Finalizado,PREFEITURA MUNICIPAL DE ALMENARA (Prefeitura),22,18.349.894/0001-95,6891
ALMENARA (Prefeitura),1660838553,1751890,,,,,,30/2022,BPM MAMB/CPE,N,S,Finalizado,PREFEITURA MUNICIPAL DE ALMENARA (Prefeitura),22,18.349.894/0001-95,1666
ALMENARA (Prefeitura),1746444196,1301266,,,,,,09.44/2025,44 BPM/15 RPM,N,S,Aberto,PREFEITURA MUNICIPAL DE ALMENARA (Prefeitura),22,18.349.894/0001-95,6891
TEOFILO OTONI (Prefeitura),1510831832,1274703,,,,,,14/2017,BPMRV/CPE,N,N,Finalizado,PREFEITURA MUNICIPAL TEOFILO OTONI (Prefeitura),3101,18.404.780/0001-09,1655
TEOFILO OTONI (Prefeitura),1543256910,1227347,,,,,,01/2018,15 RPM,N,N,Tem aditivo,PREFEITURA MUNICIPAL TEOFILO OTONI (Prefeitura),3101,18.404.780/0001-09,6869
TEOFILO OTONI (Prefeitura),1623843615,1227347,,,,,,01/2018-ADT,15 RPM,1543256910,N,Finalizado,PREFEITURA MUNICIPAL TEOFILO OTONI (Prefeitura),3101,18.404.780/0001-09,6869
TEOFILO OTONI (Prefeitura),1638291580,1299064,,,,,,20.15/2021,15 RPM,N,N,Finalizado,PREFEITURA MUNICIPAL TEOFILO OTONI (Prefeitura),3101,18.404.780/0001-09,6869
TEOFILO OTONI (Prefeitura),1649850420,1424605,,,,,,21.15/2021,19 BPM/15 RPM,N,N,Finalizado,PREFEITURA MUNICIPAL TEOFILO OTONI (Prefeitura),3101,18.404.780/0001-09,2203
TEOFILO OTONI (Prefeitura),1719406028,1647015,,,,,,99/2024,EM15RPM/15 RPM,N,N,Finalizado,PREFEITURA MUNICIPAL TEOFILO OTONI (Prefeitura),3101,18.404.780/0001-09,9970
TEOFILO OTONI (Prefeitura),1723145182,1299064,,,,,,01.15/2024,EM15RPM/15 RPM,N,S,Cancelado,PREFEITURA MUNICIPAL TEOFILO OTONI (Prefeitura),3101,18.404.780/0001-09,9970
TEOFILO OTONI (Prefeitura),1723147007,1299064,,,,,,01.15/2024,EM15RPM/15 RPM,N,N,Tem aditivo,PREFEITURA MUNICIPAL TEOFILO OTONI (Prefeitura),3101,18.404.780/0001-09,9970
TEOFILO OTONI (Prefeitura),1723146218,1299064,,,,,,01.15/2024,EM15RPM/15 RPM,N,S,Cancelado,PREFEITURA MUNICIPAL TEOFILO OTONI (Prefeitura),3101,18.404.780/0001-09,9970
TEOFILO OTONI (Prefeitura),1756344170,1453208,,,,,,TESTE,EM15RPM/15 RPM,N,N,Finalizado,PREFEITURA MUNICIPAL TEOFILO OTONI (Prefeitura),3101,18.404.780/0001-09,9970
TEOFILO OTONI (Prefeitura),1743596843,1299064,,,,,,01.15/2024-ADT,EM15RPM/15 RPM,1723147007,N,Cancelado,PREFEITURA MUNICIPAL TEOFILO OTONI (Prefeitura),3101,18.404.780/0001-09,9970
TEOFILO OTONI (Prefeitura),1744375773,1299064,,,,,,01.15/2024-ADT,EM15RPM/15 RPM,1723147007,S,Aberto,PREFEITURA MUNICIPAL TEOFILO OTONI (Prefeitura),3101,18.404.780/0001-09,9970
TEOFILO OTONI (Prefeitura),1741692645,1453208,,,,,,99/2025,EM15RPM/15 RPM,N,S,Cancelado,PREFEITURA MUNICIPAL TEOFILO OTONI (Prefeitura),3101,18.404.780/0001-09,9970
TEOFILO OTONI (Prefeitura),1743595629,1299064,,,,,,01.15/2024-ADT,EM15RPM/15 RPM,1723147007,N,Cancelado,PREFEITURA MUNICIPAL TEOFILO OTONI (Prefeitura),3101,18.404.780/0001-09,9970
TEOFILO OTONI (Prefeitura),1743596215,1299064,,,,,,01.15/2024-ADT,EM15RPM/15 RPM,1723147007,N,Cancelado,PREFEITURA MUNICIPAL TEOFILO OTONI (Prefeitura),3101,18.404.780/0001-09,9970
JEQUITINHONHA,1568116201,1112721,,,,,,01/2019,BPMRV/CPE,N,N,Finalizado,PREFEITURA MUNICIPAL JEQUITINHONHA,3200,18.083.659/0001-14,1655
JEQUITINHONHA,1619790019,1112721,,,,,,01/2021,BPMRV/CPE,N,S,Finalizado,PREFEITURA MUNICIPAL JEQUITINHONHA,3200,18.083.659/0001-14,1655
JEQUITINHONHA,1618236011,1193812,,,,,,09/2021,44 BPM/15 RPM,N,N,Tem aditivo,PREFEITURA MUNICIPAL JEQUITINHONHA,3200,18.083.659/0001-14,6891
JEQUITINHONHA,1628629070,1305002,,,,,,055/2021,BPM MAMB/CPE,N,S,Finalizado,PREFEITURA MUNICIPAL JEQUITINHONHA,3200,18.083.659/0001-14,1666
JEQUITINHONHA,1654868720,1381946,,,,,,09/2021-ADT,44 BPM/15 RPM,1618236011,N,Finalizado,PREFEITURA MUNICIPAL JEQUITINHONHA,3200,18.083.659/0001-14,6891
JEQUITINHONHA,1717593407,1381946,,,,,,09/2021-ADT-ADT,44 BPM/15 RPM,1618236011,N,Finalizado,PREFEITURA MUNICIPAL JEQUITINHONHA,3200,18.083.659/0001-14,6891
JEQUITINHONHA,1744114415,1381946,,,,,,08.44/2025,44 BPM/15 RPM,N,S,Aberto,PREFEITURA MUNICIPAL JEQUITINHONHA,3200,18.083.659/0001-14,6891
JOAÍMA (Prefeitura),1494508920,1563204,,,,,,18/2017,44 BPM/15 RPM,N,N,Finalizado,PREFEITURA MUNICIPAL DE JOAÍMA (Prefeitura),27,18.495.812/0001-10,6891
JOAÍMA (Prefeitura),1744028201,1241280,,,,,,07.44/2025,44 BPM/15 RPM,N,S,Cancelado,PREFEITURA MUNICIPAL DE JOAÍMA (Prefeitura),27,18.495.812/0001-10,6891
JOAÍMA (Prefeitura),1744028779,1241280,,,,,,07.44/2025,44 BPM/15 RPM,N,S,Aberto,PREFEITURA MUNICIPAL DE JOAÍMA (Prefeitura),27,18.495.812/0001-10,6891
Felisburgo (Prefeitura),1611856653,1684430,,,,,,06/2021,44 BPM/15 RPM,N,N,Tem aditivo,Prefeitura Municipal de Felisburgo (Prefeitura),8401,18.083.071/0001-60,6891
Felisburgo (Prefeitura),1640714255,1425370,,,,,,06/2021-ADT,44 BPM/15 RPM,1611856653,N,Finalizado,Prefeitura Municipal de Felisburgo (Prefeitura),8401,18.083.071/0001-60,6891
Felisburgo (Prefeitura),1743428432,1462928,,,,,,02.44/2025,44 BPM/15 RPM,N,S,Aberto,Prefeitura Municipal de Felisburgo (Prefeitura),8401,18.083.071/0001-60,6891
Felisburgo (Prefeitura),1741519540,1462928,,,,,,02.44/2025,44 BPM/15 RPM,N,S,Cancelado,Prefeitura Municipal de Felisburgo (Prefeitura),8401,18.083.071/0001-60,6891
Felisburgo (Prefeitura),1736864331,1425370,,,,,,02.44/2025,44 BPM/15 RPM,N,S,Cancelado,Prefeitura Municipal de Felisburgo (Prefeitura),8401,18.083.071/0001-60,6891
FRONTEIRA DOS VALES (Prefeitura),1493314606,1270206,,,,,,27/2017,24 CIA PM IND815 RPM,N,N,Tem aditivo,PREFEITURA MUNICIPAL FRONTEIRA DOS VALES (Prefeitura),2859,18.404.954/0001-25,2227
FRONTEIRA DOS VALES (Prefeitura),1601309916,1270206,,,,,,27/2017-ADT,24 CIA PM IND815 RPM,1493314606,N,Finalizado,PREFEITURA MUNICIPAL FRONTEIRA DOS VALES (Prefeitura),2859,18.404.954/0001-25,2227
FRONTEIRA DOS VALES (Prefeitura),1617199480,1346345,,,,,,09.24/2021,24 CIA PM IND815 RPM,N,N,Finalizado,PREFEITURA MUNICIPAL FRONTEIRA DOS VALES (Prefeitura),2859,18.404.954/0001-25,2227
FRONTEIRA DOS VALES (Prefeitura),1743425084,1437672,,,,,,10.24/2025,24 CIA PM IND815 RPM,N,S,Aberto,PREFEITURA MUNICIPAL FRONTEIRA DOS VALES (Prefeitura),2859,18.404.954/0001-25,2227
NOVO ORIENTE DE MINAS,1565046490,1227891,,,,,,05/2019,19 BPM/15 RPM,N,N,Finalizado,PREFEITURA MUNICIPAL NOVO ORIENTE DE MINAS,3321,01.613.373/0001-09,2203
NOVO ORIENTE DE MINAS,1664204031,1227891,,,,,,17.19/2021-ADT,19 BPM/15 RPM,1619472507,N,Finalizado,PREFEITURA MUNICIPAL NOVO ORIENTE DE MINAS,3321,01.613.373/0001-09,2203
NOVO ORIENTE DE MINAS,1619467527,1227891,,,,,,17.19/2021,19 BPM/15 RPM,N,N,Finalizado,PREFEITURA MUNICIPAL NOVO ORIENTE DE MINAS,3321,01.613.373/0001-09,2203
NOVO ORIENTE DE MINAS,1619472507,1227891,,,,,,17.19/2021,19 BPM/15 RPM,N,N,Tem aditivo,PREFEITURA MUNICIPAL NOVO ORIENTE DE MINAS,3321,01.613.373/0001-09,2203
NOVO ORIENTE DE MINAS,1728307795,1227891,,,,,,17.19/2021-ADT-ADT,19 BPM/15 RPM,1619472507,N,Finalizado,PREFEITURA MUNICIPAL NOVO ORIENTE DE MINAS,3321,01.613.373/0001-09,2203
NOVO ORIENTE DE MINAS,1743423926,1227891,,,,,,17.19/2025,19 BPM/15 RPM,N,S,Aberto,PREFEITURA MUNICIPAL NOVO ORIENTE DE MINAS,3321,01.613.373/0001-09,2203
VIRGEM DA LAPA (Prefeitura),1491235666,1147040,,,,,,05/2017,70 BPM/15 RPM,N,N,Finalizado,PREFEITURA MUNICIPAL VIRGEM DA LAPA (Prefeitura),3143,18.348.730/0001-43,6894
VIRGEM DA LAPA (Prefeitura),1614964350,1147040,,,,,,03/2021,70 BPM/15 RPM,N,N,Tem aditivo,PREFEITURA MUNICIPAL VIRGEM DA LAPA (Prefeitura),3143,18.348.730/0001-43,6894
VIRGEM DA LAPA (Prefeitura),1633011401,1693100,,,,,,124/2021,BPM MAMB/CPE,N,S,Cancelado,PREFEITURA MUNICIPAL VIRGEM DA LAPA (Prefeitura),3143,18.348.730/0001-43,1666
VIRGEM DA LAPA (Prefeitura),1644856172,1305002,,,,,,124/2021,BPM MAMB/CPE,N,S,Finalizado,PREFEITURA MUNICIPAL VIRGEM DA LAPA (Prefeitura),3143,18.348.730/0001-43,1666
VIRGEM DA LAPA (Prefeitura),1683031901,1461227,,,,,,03.14/2021-ADT,70 BPM/15 RPM,1614964350,N,Finalizado,PREFEITURA MUNICIPAL VIRGEM DA LAPA (Prefeitura),3143,18.348.730/0001-43,6894
VIRGEM DA LAPA (Prefeitura),1683030883,1147040,,,,,,03.14/2021-ADT,70 BPM/15 RPM,1614964350,N,Cancelado,PREFEITURA MUNICIPAL VIRGEM DA LAPA (Prefeitura),3143,18.348.730/0001-43,6894
VIRGEM DA LAPA (Prefeitura),1742924887,1461227,,,,,,06.70/2025,70 BPM/15 RPM,N,S,Aberto,PREFEITURA MUNICIPAL VIRGEM DA LAPA (Prefeitura),3143,18.348.730/0001-43,6894
18404970000118 (Prefeitura),1626889865,,,,,,,,19 BPM/15 RPM,N,S,Tem aditivo,18404970000118 (Prefeitura),746,18.404.970/0001-18,
18404970000118 (Prefeitura),1643915671,1501048,,,,,,05.19/2021-ADT,19 BPM/15 RPM,1626889865,N,Finalizado,18404970000118 (Prefeitura),746,18.404.970/0001-18,2203
18404970000118 (Prefeitura),1742318971,1501048,,,,,,13.19/2025,19 BPM/15 RPM,N,S,Aberto,18404970000118 (Prefeitura),746,18.404.970/0001-18,2203
18404772000154 (Prefeitura),1489599115,1174184,,,,,,03/2017,19 BPM/15 RPM,N,N,Tem aditivo,18404772000154 (Prefeitura),745,18.404.772/0001-54,2203
18404772000154 (Prefeitura),1552401228,1252436,,,,,,03/2017-ADT,19 BPM/15 RPM,1489599115,N,Finalizado,18404772000154 (Prefeitura),745,18.404.772/0001-54,2203
18404772000154 (Prefeitura),1648820521,1252436,,,,,,22.19/2021,15 RPM,N,N,Finalizado,18404772000154 (Prefeitura),745,18.404.772/0001-54,6869
18404772000154 (Prefeitura),1739370853,1438969,,,,,,10.19/2025,19 BPM/15 RPM,N,S,Aberto,18404772000154 (Prefeitura),745,18.404.772/0001-54,2203
RUBIM,1738161389,1717883,,,,,,05.44/2025,44 BPM/15 RPM,N,S,Aberto,PREFEITURA MUNICIPAL RUBIM,3451,18.349.944/0001-34,6891
AGUAS FORMOSAS (Prefeitura),1490878824,1144211,,,,,,05/2017,24 CIA PM IND815 RPM,N,N,Finalizado,PREFEITURA MUNICIPAL AGUAS FORMOSAS (Prefeitura),2922,18.404.749/0001-60,2227
AGUAS FORMOSAS (Prefeitura),1495827122,1102128,,,,,,04/2017,BPM MAMB/CPE,N,N,Tem aditivo,PREFEITURA MUNICIPAL AGUAS FORMOSAS (Prefeitura),2922,18.404.749/0001-60,1666
AGUAS FORMOSAS (Prefeitura),1525973244,1102128,,,,,,04/2017-ADT,BPM MAMB/CPE,1495827122,N,Finalizado,PREFEITURA MUNICIPAL AGUAS FORMOSAS (Prefeitura),2922,18.404.749/0001-60,1666
AGUAS FORMOSAS (Prefeitura),1626092197,1422450,,,,,,10.24/2021,24 CIA PM IND815 RPM,N,N,Finalizado,PREFEITURA MUNICIPAL AGUAS FORMOSAS (Prefeitura),2922,18.404.749/0001-60,2227
AGUAS FORMOSAS (Prefeitura),1662735112,1275015,,,,,,63/2022,BPM MAMB/CPE,N,N,Finalizado,PREFEITURA MUNICIPAL AGUAS FORMOSAS (Prefeitura),2922,18.404.749/0001-60,1666
AGUAS FORMOSAS (Prefeitura),1696609120,1275015,,,,,,34/2023,BPM MAMB/CPE,N,N,Finalizado,PREFEITURA MUNICIPAL AGUAS FORMOSAS (Prefeitura),2922,18.404.749/0001-60,1666
AGUAS FORMOSAS (Prefeitura),1737982808,1374354,,,,,,02.24/2025,24 CIA PM IND815 RPM,N,S,Tem aditivo,PREFEITURA MUNICIPAL AGUAS FORMOSAS (Prefeitura),2922,18.404.749/0001-60,2227
AGUAS FORMOSAS (Prefeitura),1781007285,1374354,,,,,,02.24/2025-ADT,24 CIA PM IND815 RPM,1737982808,S,Cancelado,PREFEITURA MUNICIPAL AGUAS FORMOSAS (Prefeitura),2922,18.404.749/0001-60,2227
MATA VERDE (Prefeitura),1466769127,1541580,,,,,,06/2015,44 BPM/15 RPM,N,N,Finalizado,PREFEITURA MUNICIPAL DE MATA VERDE (Prefeitura),281,66.234.360/0001-66,6891
MATA VERDE (Prefeitura),1582118624,1541580,,,,,,05/2019,44 BPM/15 RPM,N,N,Finalizado,PREFEITURA MUNICIPAL DE MATA VERDE (Prefeitura),281,66.234.360/0001-66,6891
MATA VERDE (Prefeitura),1611844323,1707686,,,,,,03/2021,44 BPM/15 RPM,N,N,Tem aditivo,PREFEITURA MUNICIPAL DE MATA VERDE (Prefeitura),281,66.234.360/0001-66,6891
MATA VERDE (Prefeitura),1675256661,1707686,,,,,,3.44/2021-ADP-ADT,44 BPM/15 RPM,1611844323,N,Finalizado,PREFEITURA MUNICIPAL DE MATA VERDE (Prefeitura),281,66.234.360/0001-66,6891
MATA VERDE (Prefeitura),1704462131,1707686,,,,,,03.44/2021-ADT2-ADT,44 BPM/15 RPM,1611844323,N,Cancelado,PREFEITURA MUNICIPAL DE MATA VERDE (Prefeitura),281,66.234.360/0001-66,6891
MATA VERDE (Prefeitura),1704462786,1453711,,,,,,03.44/2021-ADT2-ADT,44 BPM/15 RPM,1611844323,N,Finalizado,PREFEITURA MUNICIPAL DE MATA VERDE (Prefeitura),281,66.234.360/0001-66,6891
MATA VERDE (Prefeitura),1737374877,1453711,,,,,,03.44/2025,44 BPM/15 RPM,N,S,Aberto,PREFEITURA MUNICIPAL DE MATA VERDE (Prefeitura),281,66.234.360/0001-66,6891
MUNICÍPIO DE DIVISÓPOLIS (Prefeitura),1508327584,1143882,,,,,,22/2017,44 BPM/15 RPM,N,N,Tem aditivo,MUNICÍPIO DE DIVISÓPOLIS (Prefeitura),221,66.234.311/0001-23,6891
MUNICÍPIO DE DIVISÓPOLIS (Prefeitura),1636373496,1514868,,,,,,22/2017-ADT,44 BPM/15 RPM,1508327584,N,Finalizado,MUNICÍPIO DE DIVISÓPOLIS (Prefeitura),221,66.234.311/0001-23,6891
MUNICÍPIO DE DIVISÓPOLIS (Prefeitura),1674734988,1514868,,,,,,06.44/2022,44 BPM/15 RPM,N,N,Finalizado,MUNICÍPIO DE DIVISÓPOLIS (Prefeitura),221,66.234.311/0001-23,6891
MUNICÍPIO DE DIVISÓPOLIS (Prefeitura),1736863256,1514868,,,,,,01.44/2025,44 BPM/15 RPM,N,S,Aberto,MUNICÍPIO DE DIVISÓPOLIS (Prefeitura),221,66.234.311/0001-23,6891
SANTO ANTONIO DO JACINTO,1736862375,1423730,,,,,,04.44/2025,44 BPM/15 RPM,N,S,Aberto,PREFEITURA MUNICIPAL SANTO ANTONIO DO JACINTO,3495,18.349.951/0001-36,6891
MACHACALIS (Prefeitura),1490906137,1057249,,,,,,02/2015,15 RPM,N,N,Tem aditivo,PREFEITURA MUNICIPAL MACHACALIS (Prefeitura),3241,18.404.921/0001-85,6869
MACHACALIS (Prefeitura),1556802142,1057249,,,,,,02/2015 - 1º ADT,15 RPM,1490906137,N,Finalizado,PREFEITURA MUNICIPAL MACHACALIS (Prefeitura),3241,18.404.921/0001-85,6869
MACHACALIS (Prefeitura),1612204943,1463496,,,,,,003.24/2021,24 CIA PM IND815 RPM,N,N,Tem aditivo,PREFEITURA MUNICIPAL MACHACALIS (Prefeitura),3241,18.404.921/0001-85,2227
MACHACALIS (Prefeitura),1639772431,1263433,,,,,,003.24/2021-ADT,24 CIA PM IND815 RPM,1612204943,N,Finalizado,PREFEITURA MUNICIPAL MACHACALIS (Prefeitura),3241,18.404.921/0001-85,2227
MACHACALIS (Prefeitura),1736777826,1263433,,,,,,03.24/2025,24 CIA PM IND815 RPM,N,S,Aberto,PREFEITURA MUNICIPAL MACHACALIS (Prefeitura),3241,18.404.921/0001-85,2227
CRISOLITA (Prefeitura),1490894274,1426808,,,,,,06/2014,15 RPM,N,N,Finalizado,PREFEITURA MUNICIPAL CRISOLITA (Prefeitura),2778,01.614.283/0001-24,6869
CRISOLITA (Prefeitura),1552668795,1314095,,,,,,002/2019,24 CIA PM IND815 RPM,N,N,Finalizado,PREFEITURA MUNICIPAL CRISOLITA (Prefeitura),2778,01.614.283/0001-24,2227
CRISOLITA (Prefeitura),1617198253,1426808,,,,,,07.24/2021,24 CIA PM IND815 RPM,N,N,Finalizado,PREFEITURA MUNICIPAL CRISOLITA (Prefeitura),2778,01.614.283/0001-24,2227
CRISOLITA (Prefeitura),1736775902,1426808,,,,,,07.24/2025,24 CIA PM IND815 RPM,N,S,Aberto,PREFEITURA MUNICIPAL CRISOLITA (Prefeitura),2778,01.614.283/0001-24,2227
SANTA HELENA DE MINAS (Prefeitura),1501782717,900308,,,,,,06/2017,24 CIA PM IND815 RPM,N,N,Finalizado,PREFEITURA MUNICIPAL SANTA HELENA DE MINAS (Prefeitura),3466,01.613.395/0001-60,2227
SANTA HELENA DE MINAS (Prefeitura),1612203832,1735059,,,,,,002.24/2021,24 CIA PM IND815 RPM,N,N,Finalizado,PREFEITURA MUNICIPAL SANTA HELENA DE MINAS (Prefeitura),3466,01.613.395/0001-60,2227
SANTA HELENA DE MINAS (Prefeitura),1736774945,1735059,,,,,,06.24/2025,24 CIA PM IND815 RPM,N,S,Aberto,PREFEITURA MUNICIPAL SANTA HELENA DE MINAS (Prefeitura),3466,01.613.395/0001-60,2227
BERTOPOLIS (Prefeitura),1505410064,1102094,,,,,,14/2017,24 CIA PM IND815 RPM,N,N,Tem aditivo,PREFEITURA MUNICIPAL BERTOPOLIS (Prefeitura),2986,18.404.897/0001-84,2227
BERTOPOLIS (Prefeitura),1601295519,1102094,,,,,,14/2017-ADT,24 CIA PM IND815 RPM,1505410064,N,Finalizado,PREFEITURA MUNICIPAL BERTOPOLIS (Prefeitura),2986,18.404.897/0001-84,2227
BERTOPOLIS (Prefeitura),1616761268,971457,,,,,,08.24/2021,24 CIA PM IND815 RPM,N,N,Tem aditivo,PREFEITURA MUNICIPAL BERTOPOLIS (Prefeitura),2986,18.404.897/0001-84,2227
BERTOPOLIS (Prefeitura),1652888941,971457,,,,,,08.24/2021- ADT-ADT,24 CIA PM IND815 RPM,1616761268,N,Finalizado,PREFEITURA MUNICIPAL BERTOPOLIS (Prefeitura),2986,18.404.897/0001-84,2227
BERTOPOLIS (Prefeitura),1739415389,971457,,,,,,0124/2025,24 CIA PM IND815 RPM,N,S,Cancelado,PREFEITURA MUNICIPAL BERTOPOLIS (Prefeitura),2986,18.404.897/0001-84,2227
BERTOPOLIS (Prefeitura),1736773458,1616267,,,,,,01.24/2025,24 CIA PM IND815 RPM,N,S,Aberto,PREFEITURA MUNICIPAL BERTOPOLIS (Prefeitura),2986,18.404.897/0001-84,2227
SERRA DOS AIMORES (Prefeitura),1490906483,1172048,,,,,,15/2017,2 GP/1 PEL/24 CIA PM IND/15 RPM,N,N,Tem aditivo,PREFEITURA MUNICIPAL SERRA DOS AIMORES (Prefeitura),3079,18.398.966/0001-94,2231
SERRA DOS AIMORES (Prefeitura),1534272486,1132513,,,,,,01/2018,BPMRV/CPE,N,N,Finalizado,PREFEITURA MUNICIPAL SERRA DOS AIMORES (Prefeitura),3079,18.398.966/0001-94,1655
SERRA DOS AIMORES (Prefeitura),1570536263,1132513,,,,,,01/2019,BPMRV/CPE,N,N,Finalizado,PREFEITURA MUNICIPAL SERRA DOS AIMORES (Prefeitura),3079,18.398.966/0001-94,1655
SERRA DOS AIMORES (Prefeitura),1601292458,1172048,,,,,,15/2017-ADT,ASSESSORIA DE DESENVOLVIMENTO ORGANIZACIONAL/GCG,1490906483,N,Finalizado,PREFEITURA MUNICIPAL SERRA DOS AIMORES (Prefeitura),3079,18.398.966/0001-94,7214
SERRA DOS AIMORES (Prefeitura),1623086629,1251032,,,,,,011/2021,BPMRV/CPE,N,N,Finalizado,PREFEITURA MUNICIPAL SERRA DOS AIMORES (Prefeitura),3079,18.398.966/0001-94,1655
SERRA DOS AIMORES (Prefeitura),1613998828,1252386,,,,,,05.24/2021,24 CIA PM IND815 RPM,N,N,Tem aditivo,PREFEITURA MUNICIPAL SERRA DOS AIMORES (Prefeitura),3079,18.398.966/0001-94,2227
SERRA DOS AIMORES (Prefeitura),1660840984,1275015,,,,,,46/2022,BPM MAMB/CPE,N,N,Finalizado,PREFEITURA MUNICIPAL SERRA DOS AIMORES (Prefeitura),3079,18.398.966/0001-94,1666
SERRA DOS AIMORES (Prefeitura),1692111746,1425750,,,,,,05.24/2021-ADT,24 CIA PM IND815 RPM,1613998828,N,Finalizado,PREFEITURA MUNICIPAL SERRA DOS AIMORES (Prefeitura),3079,18.398.966/0001-94,2227
SERRA DOS AIMORES (Prefeitura),1692106315,1252386,,,,,,05.24/2021-ADT,24 CIA PM IND815 RPM,1613998828,N,Cancelado,PREFEITURA MUNICIPAL SERRA DOS AIMORES (Prefeitura),3079,18.398.966/0001-94,2227
SERRA DOS AIMORES (Prefeitura),1736516063,1346345,,,,,,05.24/2025,24 CIA PM IND815 RPM,N,S,Aberto,PREFEITURA MUNICIPAL SERRA DOS AIMORES (Prefeitura),3079,18.398.966/0001-94,2227
SAO JOSE DO DIVINO (Prefeitura),1501617190,1143791,,,,,,22/2017,19 BPM/15 RPM,N,N,Finalizado,PREFEITURA MUNICIPAL SAO JOSE DO DIVINO (Prefeitura),3538,18.404.988/0001-10,2203
SAO JOSE DO DIVINO (Prefeitura),1736435849,1235118,,,,,,15.19/2025,19 BPM/15 RPM,N,S,Aberto,PREFEITURA MUNICIPAL SAO JOSE DO DIVINO (Prefeitura),3538,18.404.988/0001-10,2203
NOVA MODICA,1499107945,1195395,,,,,,01/2017,19 BPM/15 RPM,N,N,Finalizado,PREFEITURA MUNICIPAL NOVA MODICA,3314,18.404.939/0001-87,2203
NOVA MODICA,1618524112,1195395,,,,,,015.19/2021,19 BPM/15 RPM,N,N,Tem aditivo,PREFEITURA MUNICIPAL NOVA MODICA,3314,18.404.939/0001-87,2203
NOVA MODICA,1678801146,1463009,,,,,,015.19/2021-ADT,19 BPM/15 RPM,1618524112,N,Finalizado,PREFEITURA MUNICIPAL NOVA MODICA,3314,18.404.939/0001-87,2203
NOVA MODICA,1736434011,1463009,,,,,,09.19/2025,19 BPM/15 RPM,N,S,Cancelado,PREFEITURA MUNICIPAL NOVA MODICA,3314,18.404.939/0001-87,2203
NOVA MODICA,1736433443,1463009,,,,,,09.19/2025,19 BPM/15 RPM,N,S,Cancelado,PREFEITURA MUNICIPAL NOVA MODICA,3314,18.404.939/0001-87,2203
NOVA MODICA,1736434478,1463009,,,,,,09.19/2025,19 BPM/15 RPM,N,S,Aberto,PREFEITURA MUNICIPAL NOVA MODICA,3314,18.404.939/0001-87,2203
CAMPANARIO (Prefeitura),1556633338,1144617,,,,,,04/2019,19 BPM/15 RPM,N,N,Finalizado,PREFEITURA MUNICIPAL CAMPANARIO (Prefeitura),3034,18.404.905/0001-92,2203
CAMPANARIO (Prefeitura),1736432537,1407352,,,,,,03.19/2025,19 BPM/15 RPM,N,S,Aberto,PREFEITURA MUNICIPAL CAMPANARIO (Prefeitura),3034,18.404.905/0001-92,2203
ATALÉIA (Prefeitura),1644346152,1751197,,,,,,08.19/2021-ADT,19 BPM/15 RPM,1613672266,N,Cancelado,PREFEITURA MUNICIPAL ATALÉIA (Prefeitura),663,16.971.376/0001-83,2203
ATALÉIA (Prefeitura),1613672266,1692904,,,,,,08.19/2021,19 BPM/15 RPM,N,N,Tem aditivo,PREFEITURA MUNICIPAL ATALÉIA (Prefeitura),663,16.971.376/0001-83,2203
ATALÉIA (Prefeitura),1613511075,1692904,,,,,,08./2021,19 BPM/15 RPM,N,N,Finalizado,PREFEITURA MUNICIPAL ATALÉIA (Prefeitura),663,16.971.376/0001-83,2203
ATALÉIA (Prefeitura),1702647283,1458868,,,,,,08.19/2021-ADT,19 BPM/15 RPM,1613672266,N,Finalizado,PREFEITURA MUNICIPAL ATALÉIA (Prefeitura),663,16.971.376/0001-83,2203
ATALÉIA (Prefeitura),1736431362,1458868,,,,,,01.19/2025,19 BPM/15 RPM,N,S,Aberto,PREFEITURA MUNICIPAL ATALÉIA (Prefeitura),663,16.971.376/0001-83,2203
JAMPRUCA (Prefeitura),1489599516,1231190,,,,,,09/2017,ASSESSORIA DE DESENVOLVIMENTO ORGANIZACIONAL/GCG,N,N,Finalizado,PREFEITURA MUNICIPAL DE JAMPRUCA (Prefeitura),724,66.230.384/0001-47,7214
JAMPRUCA (Prefeitura),1612809406,1231190,,,,,,09.19/2021,19 BPM/15 RPM,N,N,Tem aditivo,PREFEITURA MUNICIPAL DE JAMPRUCA (Prefeitura),724,66.230.384/0001-47,2203
JAMPRUCA (Prefeitura),1640088649,1500420,,,,,,09.19/2021-ADT,19 BPM/15 RPM,1612809406,N,Finalizado,PREFEITURA MUNICIPAL DE JAMPRUCA (Prefeitura),724,66.230.384/0001-47,2203
JAMPRUCA (Prefeitura),1736428359,1500420,,,,,,08.19/2025,19 BPM/15 RPM,N,S,Aberto,PREFEITURA MUNICIPAL DE JAMPRUCA (Prefeitura),724,66.230.384/0001-47,2203
SETUBINHA (Prefeitura),1497526023,1252337,,,,,,02/2017,19 BPM/15 RPM,N,N,Tem aditivo,PREFEITURA MUNICIPAL SETUBINHA (Prefeitura),3086,01.613.375/0001-90,2203
SETUBINHA (Prefeitura),1496225925,1269877,,,,,,03/2017,BPM MAMB/CPE,N,N,Finalizado,PREFEITURA MUNICIPAL SETUBINHA (Prefeitura),3086,01.613.375/0001-90,1666
SETUBINHA (Prefeitura),1599586625,1252337,,,,,,01/2017- -ADT,19 BPM/15 RPM,1497526023,N,Finalizado,PREFEITURA MUNICIPAL SETUBINHA (Prefeitura),3086,01.613.375/0001-90,2203
SETUBINHA (Prefeitura),1612387766,1452770,,,,,,06/2021,19 BPM/15 RPM,N,N,Tem aditivo,PREFEITURA MUNICIPAL SETUBINHA (Prefeitura),3086,01.613.375/0001-90,2203
SETUBINHA (Prefeitura),1640787076,1389568,,,,,,06.19/2021-ADT,19 BPM/15 RPM,1612387766,N,Finalizado,PREFEITURA MUNICIPAL SETUBINHA (Prefeitura),3086,01.613.375/0001-90,2203
SETUBINHA (Prefeitura),1736424790,1500867,,,,,,14.19/2025,19 BPM/15 RPM,N,S,Aberto,PREFEITURA MUNICIPAL SETUBINHA (Prefeitura),3086,01.613.375/0001-90,2203
26218636000106 (Prefeitura),1614267951,1144765,,,,,,11.19/2021,19 BPM/15 RPM,N,N,Tem aditivo,26218636000106 (Prefeitura),664,26.218.636/0001-06,2203
26218636000106 (Prefeitura),1712582625,1144765,,,,,,11.19/2021-ADT,19 BPM/15 RPM,1614267951,N,Finalizado,26218636000106 (Prefeitura),664,26.218.636/0001-06,2203
26218636000106 (Prefeitura),1736350023,1381854,,,,,,04.19/2025,19 BPM/15 RPM,N,S,Aberto,26218636000106 (Prefeitura),664,26.218.636/0001-06,2203
CARAI (Prefeitura),1497038657,1398213,,,,,,16/2017,19 BPM/15 RPM,N,N,Tem aditivo,PREFEITURA MUNICIPAL CARAI (Prefeitura),3059,18.404.848/0001-41,2203
CARAI (Prefeitura),1601300777,1398213,,,,,,01/2020-ADT,19 BPM/15 RPM,1497038657,N,Finalizado,PREFEITURA MUNICIPAL CARAI (Prefeitura),3059,18.404.848/0001-41,2203
CARAI (Prefeitura),1736348744,1537620,,,,,,05.19/2025,19 BPM/15 RPM,N,S,Aberto,PREFEITURA MUNICIPAL CARAI (Prefeitura),3059,18.404.848/0001-41,2203
PESCADOR (Prefeitura),1501186199,1056167,,,,,,19/2017,19 BPM/15 RPM,N,N,Finalizado,PREFEITURA MUNICIPAL PESCADOR (Prefeitura),3378,18.404.962/0001-71,2203
PESCADOR (Prefeitura),1618316377,1143734,,,,,,016.19/2021,19 BPM/15 RPM,N,N,Tem aditivo,PREFEITURA MUNICIPAL PESCADOR (Prefeitura),3378,18.404.962/0001-71,2203
PESCADOR (Prefeitura),1655731277,1143734,,,,,,016.19/2021/ADT-ADT,19 BPM/15 RPM,1618316377,N,Finalizado,PREFEITURA MUNICIPAL PESCADOR (Prefeitura),3378,18.404.962/0001-71,2203
PESCADOR (Prefeitura),1736347497,1544071,,,,,,11.19/2025,19 BPM/15 RPM,N,S,Aberto,PREFEITURA MUNICIPAL PESCADOR (Prefeitura),3378,18.404.962/0001-71,2203
ITAMBACURI (Prefeitura),1496175269,1057231,,,,,,06/2017,GMG,N,N,Finalizado,PREFEITURA MUNICIPAL ITAMBACURI (Prefeitura),3164,18.404.855/0001-43,35
ITAMBACURI (Prefeitura),1504285200,1128610,,,,,,21/2017,19 BPM/15 RPM,N,N,Finalizado,PREFEITURA MUNICIPAL ITAMBACURI (Prefeitura),3164,18.404.855/0001-43,2203
ITAMBACURI (Prefeitura),1612355745,1227537,,,,,,07/2021,19 BPM/15 RPM,N,N,Tem aditivo,PREFEITURA MUNICIPAL ITAMBACURI (Prefeitura),3164,18.404.855/0001-43,2203
ITAMBACURI (Prefeitura),1652184753,1596352,,,,,,07/2021-ADT-ADT,19 BPM/15 RPM,1612355745,N,Finalizado,PREFEITURA MUNICIPAL ITAMBACURI (Prefeitura),3164,18.404.855/0001-43,2203
ITAMBACURI (Prefeitura),1672669218,1275015,,,,,,59/2022,BPM MAMB/CPE,N,S,Aberto,PREFEITURA MUNICIPAL ITAMBACURI (Prefeitura),3164,18.404.855/0001-43,1666
ITAMBACURI (Prefeitura),1736346604,1596352,,,,,,07.19/2025,19 BPM/15 RPM,N,S,Aberto,PREFEITURA MUNICIPAL ITAMBACURI (Prefeitura),3164,18.404.855/0001-43,2203
FREI GASPAR (Prefeitura),1556027610,1080712,,,,,,03/2019,19 BPM/15 RPM,N,N,Finalizado,PREFEITURA MUNICIPAL FREI GASPAR (Prefeitura),2855,18.404.913/0001-39,2203
FREI GASPAR (Prefeitura),1611337448,1252360,,,,,,03.19/2021,19 BPM/15 RPM,N,S,Finalizado,PREFEITURA MUNICIPAL FREI GASPAR (Prefeitura),2855,18.404.913/0001-39,2203
FREI GASPAR (Prefeitura),1736345436,1252360,,,,,,02.19/2025,19 BPM/15 RPM,N,S,Aberto,PREFEITURA MUNICIPAL FREI GASPAR (Prefeitura),2855,18.404.913/0001-39,2203
CORONEL MURTA (Prefeitura),1490879649,1169382,,,,,,01/2017,70 BPM/15 RPM,N,N,Finalizado,PREFEITURA MUNICIPAL CORONEL MURTA (Prefeitura),4501,18.348.722/0001-05,6894
CORONEL MURTA (Prefeitura),1612272567,1741321,,,,,,02/2021,70 BPM/15 RPM,N,N,Finalizado,PREFEITURA MUNICIPAL CORONEL MURTA (Prefeitura),4501,18.348.722/0001-05,6894
CORONEL MURTA (Prefeitura),1633011068,1693100,,,,,,123/2021,BPM MAMB/CPE,N,S,Cancelado,PREFEITURA MUNICIPAL CORONEL MURTA (Prefeitura),4501,18.348.722/0001-05,1666
CORONEL MURTA (Prefeitura),1643906058,1305002,,,,,,123/2021,BPM MAMB/CPE,N,S,Finalizado,PREFEITURA MUNICIPAL CORONEL MURTA (Prefeitura),4501,18.348.722/0001-05,1666
CORONEL MURTA (Prefeitura),1736262245,1741321,,,,,,04.70/2025,70 BPM/15 RPM,N,S,Cancelado,PREFEITURA MUNICIPAL CORONEL MURTA (Prefeitura),4501,18.348.722/0001-05,6894
CORONEL MURTA (Prefeitura),1736340108,1741321,,,,,,04.70/2025,70 BPM/15 RPM,N,S,Aberto,PREFEITURA MUNICIPAL CORONEL MURTA (Prefeitura),4501,18.348.722/0001-05,6894
PADRE PARAISO (Prefeitura),1492524294,1301738,,,,,,01/2017,70 BPM/15 RPM,N,N,Finalizado,PREFEITURA MUNICIPAL PADRE PARAISO (Prefeitura),3336,18.404.764/0001-08,6894
PADRE PARAISO (Prefeitura),1617198194,1301738,,,,,,03.14/2021,70 BPM/15 RPM,N,N,Tem aditivo,PREFEITURA MUNICIPAL PADRE PARAISO (Prefeitura),3336,18.404.764/0001-08,6894
PADRE PARAISO (Prefeitura),1623860210,1263177,,,,,,03.14/2021-ADT,70 BPM/15 RPM,1617198194,N,Finalizado,PREFEITURA MUNICIPAL PADRE PARAISO (Prefeitura),3336,18.404.764/0001-08,6894
PADRE PARAISO (Prefeitura),1649678233,1263177,,,,,,03.14/2021,70 BPM/15 RPM,N,N,Cancelado,PREFEITURA MUNICIPAL PADRE PARAISO (Prefeitura),3336,18.404.764/0001-08,6894
PADRE PARAISO (Prefeitura),1652179369,1347335,,,,,,03.14/2021-ADT-2º-ADT,70 BPM/15 RPM,1617198194,N,Finalizado,PREFEITURA MUNICIPAL PADRE PARAISO (Prefeitura),3336,18.404.764/0001-08,6894
PADRE PARAISO (Prefeitura),1736260849,1821982,,,,,,02.70/2025,70 BPM/15 RPM,N,S,Aberto,PREFEITURA MUNICIPAL PADRE PARAISO (Prefeitura),3336,18.404.764/0001-08,6894
MEDINA (Prefeitura),1467998410,1347921,,,,,,03/2013,15 RPM,N,N,Finalizado,prefeitura MUNICIPAL DE MEDINA (Prefeitura),421,18.414.607/0001-83,6869
MEDINA (Prefeitura),1533575090,1694272,,,,,,04/2018,44 BPM/15 RPM,N,N,Finalizado,prefeitura MUNICIPAL DE MEDINA (Prefeitura),421,18.414.607/0001-83,6891
MEDINA (Prefeitura),1611833819,1311216,,,,,,04/2021,44 BPM/15 RPM,N,N,Tem aditivo,prefeitura MUNICIPAL DE MEDINA (Prefeitura),421,18.414.607/0001-83,6891
MEDINA (Prefeitura),1651237405,1311216,,,,,,04.44/2021-ADT,44 BPM/15 RPM,1611833819,N,Cancelado,prefeitura MUNICIPAL DE MEDINA (Prefeitura),421,18.414.607/0001-83,6891
MEDINA (Prefeitura),1688561013,1374495,,,,,,04.44/2021-ADT,70 BPM/15 RPM,1611833819,N,Finalizado,prefeitura MUNICIPAL DE MEDINA (Prefeitura),421,18.414.607/0001-83,6894
MEDINA (Prefeitura),1675956577,1305002,,,,,,67/2022,BPM MAMB/CPE,N,S,Finalizado,prefeitura MUNICIPAL DE MEDINA (Prefeitura),421,18.414.607/0001-83,1666
MEDINA (Prefeitura),1736258864,1505387,,,,,,03.70/2025,70 BPM/15 RPM,N,S,Aberto,prefeitura MUNICIPAL DE MEDINA (Prefeitura),421,18.414.607/0001-83,6894
MEDINA (Prefeitura),1736258357,1374495,,,,,,03.70/2025,70 BPM/15 RPM,N,S,Cancelado,prefeitura MUNICIPAL DE MEDINA (Prefeitura),421,18.414.607/0001-83,6894
JACINTO (Prefeitura),1727436502,1262609,,,,,,01.44/2024,44 BPM/15 RPM,N,S,Cancelado,PREFEITURA MUNICIPAL JACINTO (Prefeitura),3185,18.349.910/0001-40,6891
JACINTO (Prefeitura),1727439186,1262609,,,,,,01.44/2024,44 BPM/15 RPM,N,S,Aberto,PREFEITURA MUNICIPAL JACINTO (Prefeitura),3185,18.349.910/0001-40,6891
SANTA MARIA DO SALTO (Prefeitura),1468586346,1501493,,,,,,04/2015,44 BPM/15 RPM,N,N,Finalizado,PREFEITURA MUNICIPAL DE SANTA MARIA DO SALTO (Prefeitura),34,18.347.419/0001-80,6891
SANTA MARIA DO SALTO (Prefeitura),1725540433,1399294,,,,,,04.24/2024,44 BPM/15 RPM,N,S,Aberto,PREFEITURA MUNICIPAL DE SANTA MARIA DO SALTO (Prefeitura),34,18.347.419/0001-80,6891
JORDANIA,1725024999,1237809,,,,,,02.44/2024,44 BPM/15 RPM,N,S,Cancelado,PREFEITURA MUNICIPAL JORDANIA,3207,18.349.928/0001-41,6891
JORDANIA,1725024302,1237809,,,,,,02.44/2024,44 BPM/15 RPM,N,S,Cancelado,PREFEITURA MUNICIPAL JORDANIA,3207,18.349.928/0001-41,6891
JORDANIA,1725025855,1500610,,,,,,02.44/2024,44 BPM/15 RPM,N,S,Aberto,PREFEITURA MUNICIPAL JORDANIA,3207,18.349.928/0001-41,6891
18404871000136 (Prefeitura),1489598559,1274406,,,,,,13/2017,1 GP/3 PEL/232 CIA PM/19 BPM/15 RPM,N,N,Finalizado,18404871000136 (Prefeitura),721,18.404.871/0001-36,2221
18404871000136 (Prefeitura),1623670936,1274406,,,,,,13/2017-ADT,19 BPM/15 RPM,N,N,Finalizado,18404871000136 (Prefeitura),721,18.404.871/0001-36,2203
18404871000136 (Prefeitura),1640717925,1738129,,,,,,19.19/2021,19 BPM/15 RPM,N,N,Tem aditivo,18404871000136 (Prefeitura),721,18.404.871/0001-36,2203
18404871000136 (Prefeitura),1694787677,1389188,,,,,,19.19/2021-ADT,19 BPM/15 RPM,1640717925,S,Aberto,18404871000136 (Prefeitura),721,18.404.871/0001-36,2203
MONTE FORMOSO,1685544719,1193143,,,,,,03.44/2023,44 BPM/15 RPM,N,S,Cancelado,PREFEITURA MUNICIPAL MONTE FORMOSO,3291,01.615.007/0001-80,6891
MONTE FORMOSO,1685544842,1543685,,,,,,03.44/2023,44 BPM/15 RPM,N,S,Aberto,PREFEITURA MUNICIPAL MONTE FORMOSO,3291,01.615.007/0001-80,6891
CACHOEIRA DO PAJEU (Prefeitura),1498152407,571463,,,,,,01/2013,44 BPM/15 RPM,N,N,Finalizado,PREFEITURA MUNICIPAL DE CACHOEIRA DO PAJEU (Prefeitura),301,18.414.599/0001-75,6891
CACHOEIRA DO PAJEU (Prefeitura),1527087889,1269968,,,,,,02/2018,44 BPM/15 RPM,N,N,Finalizado,PREFEITURA MUNICIPAL DE CACHOEIRA DO PAJEU (Prefeitura),301,18.414.599/0001-75,6891
CACHOEIRA DO PAJEU (Prefeitura),1655211230,1389311,,,,,,05/2022,44 BPM/15 RPM,N,S,Finalizado,PREFEITURA MUNICIPAL DE CACHOEIRA DO PAJEU (Prefeitura),301,18.414.599/0001-75,6891
AGUAS VERMELHAS (Prefeitura),1467914170,1029180,,,,,,01/2014,44 BPM/15 RPM,N,N,Finalizado,PREFEITURA MUNICIPAL DE AGUAS VERMELHAS (Prefeitura),401,18.414.581/0001-73,6891
AGUAS VERMELHAS (Prefeitura),1530031425,1144807,,,,,,03/2018,44 BPM/15 RPM,N,N,Tem aditivo,PREFEITURA MUNICIPAL DE AGUAS VERMELHAS (Prefeitura),401,18.414.581/0001-73,6891
AGUAS VERMELHAS (Prefeitura),1578413726,1274844,,,,,,03/2018-ADT,44 BPM/15 RPM,1530031425,N,Finalizado,PREFEITURA MUNICIPAL DE AGUAS VERMELHAS (Prefeitura),401,18.414.581/0001-73,6891
AGUAS VERMELHAS (Prefeitura),1643904359,1274844,,,,,,03/2022,44 BPM/15 RPM,N,S,Aberto,PREFEITURA MUNICIPAL DE AGUAS VERMELHAS (Prefeitura),401,18.414.581/0001-73,6891